atlas,name,category,original_size,canonical_size,output
buildings_v002,cottage_small,buildings,512x341,256x256,public/assets/sprites/buildings/cottage_small.png
buildings_v002,inn_large,buildings,512x341,256x256,public/assets/sprites/buildings/inn_large.png
buildings_v002,castle_entrance,buildings,512x341,256x256,public/assets/sprites/buildings/castle_entrance.png
buildings_v002,house_large,buildings,512x341,256x256,public/assets/sprites/buildings/house_large.png
buildings_v002,market_square,buildings,512x341,256x256,public/assets/sprites/buildings/market_square.png
buildings_v002,church_stone,buildings,512x341,256x256,public/assets/sprites/buildings/church_stone.png
buildings_v002,fortress_small,buildings,512x341,256x256,public/assets/sprites/buildings/fortress_small.png
buildings_v002,dockside_large,buildings,512x341,256x256,public/assets/sprites/buildings/dockside_large.png
buildings_v002,windmill_small,buildings,512x341,256x256,public/assets/sprites/buildings/windmill_small.png
buildings_v003,house_thatch_small,buildings,384x256,256x256,public/assets/sprites/buildings/house_thatch_small.png
buildings_v003,tavern_blue_roof,buildings,384x256,256x256,public/assets/sprites/buildings/tavern_blue_roof.png
buildings_v003,house_thatch_large,buildings,384x256,256x256,public/assets/sprites/buildings/house_thatch_large.png
buildings_v003,house_stone_red_roof,buildings,384x256,256x256,public/assets/sprites/buildings/house_stone_red_roof.png
buildings_v003,tavern_red_balcony,buildings,384x256,256x256,public/assets/sprites/buildings/tavern_red_balcony.png
buildings_v003,market_food_building,buildings,384x256,256x256,public/assets/sprites/buildings/market_food_building.png
buildings_v003,blacksmith_forge_large,buildings,384x256,256x256,public/assets/sprites/buildings/blacksmith_forge_large.png
buildings_v003,watchtower_small,buildings,384x256,256x256,public/assets/sprites/buildings/watchtower_small.png
buildings_v003,chapel_large,buildings,384x256,256x256,public/assets/sprites/buildings/chapel_large.png
buildings_v003,alchemy_shop,buildings,384x256,256x256,public/assets/sprites/buildings/alchemy_shop.png
buildings_v003,castle_gate_medium,buildings,384x256,256x256,public/assets/sprites/buildings/castle_gate_medium.png
buildings_v003,ruin_castle_small,buildings,384x256,256x256,public/assets/sprites/buildings/ruin_castle_small.png
buildings_v003,castle_fortress_large,buildings,384x256,256x256,public/assets/sprites/buildings/castle_fortress_large.png
buildings_v003,dockside_building,buildings,384x256,256x256,public/assets/sprites/buildings/dockside_building.png
buildings_v003,windmill_large,buildings,384x256,256x256,public/assets/sprites/buildings/windmill_large.png
buildings_v003,magic_shop_crystal,buildings,384x256,256x256,public/assets/sprites/buildings/magic_shop_crystal.png
buildings_v003,house_blue_roof_large,buildings,384x256,256x256,public/assets/sprites/buildings/house_blue_roof_large.png
objects_props_v002,tree_oak_large,props_large,249x321,128x192,public/assets/sprites/props_large/tree_oak_large.png
objects_props_v002,tree_pine_tall,props_large,268x321,128x192,public/assets/sprites/props_large/tree_pine_tall.png
objects_props_v002,tree_dead,props_large,299x321,128x192,public/assets/sprites/props_large/tree_dead.png
objects_props_v002,log_pile,props_medium,192x170,64x64,public/assets/sprites/props_medium/log_pile.png
objects_props_v002,rock_large,props_medium,192x170,64x64,public/assets/sprites/props_medium/rock_large.png
objects_props_v002,barrel_pair,props_medium,192x170,64x64,public/assets/sprites/props_medium/barrel_pair.png
objects_props_v002,barrel_triple,props_medium,192x170,64x64,public/assets/sprites/props_medium/barrel_triple.png
objects_props_v002,hay_bale,props_medium,192x170,64x64,public/assets/sprites/props_medium/hay_bale.png
objects_props_v002,crate_small,props_small,192x85,32x48,public/assets/sprites/props_small/crate_small.png
objects_props_v002,barrel_single,props_small,192x85,32x48,public/assets/sprites/props_small/barrel_single.png
objects_props_v002,sack_pair,props_small,192x85,32x48,public/assets/sprites/props_small/sack_pair.png
objects_props_v002,sack_single,props_small,192x85,32x48,public/assets/sprites/props_small/sack_single.png
objects_props_v002,fence_short,props_small,192x85,32x48,public/assets/sprites/props_small/fence_short.png
objects_props_v002,lamp_post,props_medium,192x170,64x64,public/assets/sprites/props_medium/lamp_post.png
objects_props_v002,well_small,props_small,192x85,32x48,public/assets/sprites/props_small/well_small.png
objects_props_v002,cart_empty,props_small,192x85,32x48,public/assets/sprites/props_small/cart_empty.png
objects_props_v002,sign_village,props_small,192x85,32x48,public/assets/sprites/props_small/sign_village.png
objects_props_v002,sign_forest,props_small,192x85,32x48,public/assets/sprites/props_small/sign_forest.png
objects_props_v002,sign_market,props_small,192x85,32x48,public/assets/sprites/props_small/sign_market.png
objects_props_v002,sign_double,props_small,192x85,32x48,public/assets/sprites/props_small/sign_double.png
objects_props_v002,pillory,props_medium,192x85,64x64,public/assets/sprites/props_medium/pillory.png
objects_props_v002,well_large,props_medium,192x170,64x64,public/assets/sprites/props_medium/well_large.png
objects_props_v002,lamp_post_2,props_medium,192x85,64x64,public/assets/sprites/props_medium/lamp_post_2.png
objects_props_v002,fence_long,props_medium,192x85,64x64,public/assets/sprites/props_medium/fence_long.png
objects_props_v002,gravestone_plain,props_small,192x170,32x48,public/assets/sprites/props_small/gravestone_plain.png
objects_props_v002,gravestone_cross,props_small,192x170,32x48,public/assets/sprites/props_small/gravestone_cross.png
objects_props_v002,gravestone_rounded,props_small,192x170,32x48,public/assets/sprites/props_small/gravestone_rounded.png
objects_props_v002,skull_pile,props_medium,192x170,64x64,public/assets/sprites/props_medium/skull_pile.png
objects_props_v002,chest_closed,props_medium,192x170,64x64,public/assets/sprites/props_medium/chest_closed.png
objects_props_v002,cauldron_small,props_medium,192x170,64x64,public/assets/sprites/props_medium/cauldron_small.png
objects_props_v002,table_small,props_medium,384x170,64x64,public/assets/sprites/props_medium/table_small.png
objects_props_v002,market_stall_goods,props_medium,192x170,64x64,public/assets/sprites/props_medium/market_stall_goods.png
objects_props_v002,cooking_pot,props_medium,192x170,64x64,public/assets/sprites/props_medium/cooking_pot.png
objects_props_v002,market_stall_food,props_medium,192x170,64x64,public/assets/sprites/props_medium/market_stall_food.png
objects_props_v002,table_large,props_medium,384x170,64x64,public/assets/sprites/props_medium/table_large.png
objects_props_v002,chest_open,props_medium,192x170,64x64,public/assets/sprites/props_medium/chest_open.png
objects_props_v002,market_stall_large,props_medium,192x170,64x64,public/assets/sprites/props_medium/market_stall_large.png
objects_props_v002,bucket_pair,props_medium,192x170,64x64,public/assets/sprites/props_medium/bucket_pair.png
objects_props_v002,mushroom_pile,props_small,192x170,32x48,public/assets/sprites/props_small/mushroom_pile.png
objects_props_v002,market_stall_covered,props_medium,384x170,64x64,public/assets/sprites/props_medium/market_stall_covered.png
objects_props_v002,campfire,props_medium,192x170,64x64,public/assets/sprites/props_medium/campfire.png
objects_props_v002,bush_small,props_medium,192x170,64x64,public/assets/sprites/props_medium/bush_small.png
objects_props_v003,ruin_arch_stone,props_large,307x204,128x192,public/assets/sprites/props_large/ruin_arch_stone.png
objects_props_v003,statue_knight,props_large,307x204,128x192,public/assets/sprites/props_large/statue_knight.png
objects_props_v003,fountain_round,props_large,307x256,128x192,public/assets/sprites/props_large/fountain_round.png
objects_props_v003,statue_robed,props_large,307x204,128x192,public/assets/sprites/props_large/statue_robed.png
objects_props_v003,tent_plain_01,props_large,307x204,128x192,public/assets/sprites/props_large/tent_plain_01.png
objects_props_v003,house_snow,buildings,307x204,256x256,public/assets/sprites/buildings/house_snow.png
objects_props_v003,bridge_stone_arch,props_large,307x204,128x192,public/assets/sprites/props_large/bridge_stone_arch.png
objects_props_v003,statue_angel_01,props_large,307x204,128x192,public/assets/sprites/props_large/statue_angel_01.png
objects_props_v003,statue_angel_02,props_large,307x204,128x192,public/assets/sprites/props_large/statue_angel_02.png
objects_props_v003,tent_plain_02,props_large,307x204,128x192,public/assets/sprites/props_large/tent_plain_02.png
objects_props_v003,bridge_stone_railing,props_large,307x204,128x192,public/assets/sprites/props_large/bridge_stone_railing.png
objects_props_v003,tent_circus,props_large,307x204,128x192,public/assets/sprites/props_large/tent_circus.png
objects_props_v003,tent_plain_03,props_large,307x204,128x192,public/assets/sprites/props_large/tent_plain_03.png
objects_props_v003,tent_plain_04,props_large,307x204,128x192,public/assets/sprites/props_large/tent_plain_04.png
objects_props_v003,tree_ruins_combo,props_large,307x204,128x192,public/assets/sprites/props_large/tree_ruins_combo.png
objects_props_v003,sarcophagus,props_large,307x204,128x192,public/assets/sprites/props_large/sarcophagus.png
objects_props_v003,crate_pile,props_medium,307x204,64x64,public/assets/sprites/props_medium/crate_pile.png
objects_props_v003,chest_treasure,props_medium,307x204,64x64,public/assets/sprites/props_medium/chest_treasure.png
objects_props_v003,campfire_large,props_medium,307x204,64x64,public/assets/sprites/props_medium/campfire_large.png
objects_props_v003,cauldron_magic,props_medium,307x204,64x64,public/assets/sprites/props_medium/cauldron_magic.png
objects_props_v003,bucket_magic,props_medium,307x204,64x64,public/assets/sprites/props_medium/bucket_magic.png
objects_props_v003,sack_pile,props_small,307x204,32x48,public/assets/sprites/props_small/sack_pile.png
objects_props_v003,table_market,props_medium,307x204,64x64,public/assets/sprites/props_medium/table_market.png
objects_props_v003,chest_medium,props_medium,307x204,64x64,public/assets/sprites/props_medium/chest_medium.png
objects_props_v003,column_ruins,props_large,307x204,128x192,public/assets/sprites/props_large/column_ruins.png
objects_props_v003,tower_ruins,props_large,307x204,128x192,public/assets/sprites/props_large/tower_ruins.png
